tenant_id,tenant_name,total_revenue,total_orders,avg_order_value,customer_count,product_count,inventory_value,profit_margin,customer_satisfaction,order_fulfillment_rate,inventory_turnover,days_sales_outstanding
tenant-1,TechGadgets Inc,252045.4580081079,1051,239.81489819991236,839,5,394439.9276168403,0.2046768035222695,4.823293539945765,0.8564796433081072,6.459384851881743,40.0073006472866
tenant-2,Fashion Forward,721693.5158574152,1574,458.50922227281774,973,5,232953.23127290004,0.2635427790332506,4.985219838992065,0.8731609825531877,10.111912812890278,30.53994366552215
tenant-3,Home & Garden Co,791035.3342560512,3246,243.69542028837068,117,5,200797.27837865058,0.17705253602886484,4.063600906587452,0.9120106005496305,8.194244805471067,23.19564534907306
tenant-4,Sports Central,532449.0402859154,4057,131.24206070641247,532,5,270560.6335432615,0.22122990581593402,4.909664081702667,0.8652791135622402,6.030233598906297,20.18684250223492
tenant-5,Beauty Essentials,323850.0110574764,4981,65.0170670663474,475,5,270202.21332608553,0.2113541637675262,3.5664656381029913,0.862775661465639,7.798075267434887,26.78340611694459
