{
  "training_date": "2025-09-29T15:03:44.831330",
  "forecasting_models": {
    "total_models": 6,
    "best_model": "ensemble",
    "model_performance": {
      "random_forest": {
        "mae": 4.223127207749458,
        "rmse": 7.453095153542684,
        "r2": 0.6386520935808819,
        "cv_mae": 4.515345016003978,
        "cv_std": 0.026007162549734033
      },
      "extra_trees": {
        "mae": 4.14073343285956,
        "rmse": 7.347044271418245,
        "r2": 0.6488622478261605,
        "cv_mae": 4.385592505388886,
        "cv_std": 0.02986641197206157
      },
      "gradient_boosting": {
        "mae": 4.106063202297534,
        "rmse": 7.3907269706718886,
        "r2": 0.6446743749625719,
        "cv_mae": 4.4307076989024745,
        "cv_std": 0.04889223311133208
      },
      "elastic_net": {
        "mae": 4.248592285460581,
        "rmse": 7.447021874457892,
        "r2": 0.6392407543983103,
        "cv_mae": 4.450615132137995,
        "cv_std": 0.052822598034842926
      },
      "ridge": {
        "mae": 4.159107218451601,
        "rmse": 7.344692634246765,
        "r2": 0.6490869957403651,
        "cv_mae": 4.335835630447124,
        "cv_std": 0.03979383018988789
      },
      "ensemble": {
        "mae": 4.084227103126885,
        "rmse": 7.285687126443393,
        "r2": 0.6547026500121519
      }
    }
  },
  "optimization_rules": {
    "products_optimized": 25,
    "avg_reorder_point": 196.3672250177159,
    "avg_reorder_quantity": 14.343041948040764,
    "avg_service_level": 0.9499999999999998
  }
}